DROP TABLE IF EXISTS transaction_prod;

DROP TABLE IF EXISTS transaction;

DROP TABLE IF EXISTS product_image;

DROP TABLE IF EXISTS product;

DROP TABLE IF EXISTS category;

DROP TABLE IF EXISTS subscription;

DROP TABLE IF EXISTS users;

DROP SEQUENCE IF EXISTS seq_product_prod_no;

DROP SEQUENCE IF EXISTS seq_transaction_tran_no;

DROP SEQUENCE IF EXISTS seq_category_category_no;

DROP SEQUENCE IF EXISTS seq_product_image_no;

CREATE SEQUENCE IF NOT EXISTS seq_product_prod_no INCREMENT BY 1 START WITH 10000;

CREATE SEQUENCE IF NOT EXISTS seq_transaction_tran_no INCREMENT BY 1 START WITH 10000;

CREATE SEQUENCE IF NOT EXISTS seq_category_category_no INCREMENT BY 1 START WITH 10000;

CREATE SEQUENCE IF NOT EXISTS seq_product_image_no INCREMENT BY 1 START WITH 10000;

CREATE TABLE IF NOT EXISTS users
(
    user_id    TEXT,
    user_name  TEXT NOT NULL,
    password   TEXT NOT NULL,
    role       TEXT DEFAULT 'user',
    ssn        TEXT,
    cell_phone TEXT,
    addr       TEXT,
    email      TEXT,
    reg_date   DATE DEFAULT CURRENT_DATE,
    CONSTRAINT users_pk PRIMARY KEY (user_id)
);

CREATE TABLE IF NOT EXISTS subscription
(
    subscriber_id TEXT,
    seller_id     TEXT,
    CONSTRAINT subscription_pk PRIMARY KEY (subscriber_id, seller_id),
    CONSTRAINT subscription_subscriber_fk FOREIGN KEY (subscriber_id) REFERENCES users (user_id),
    CONSTRAINT subscription_seller_fk FOREIGN KEY (seller_id) REFERENCES users (user_id)
);

CREATE TABLE IF NOT EXISTS category
(
    category_no   INTEGER,
    category_name TEXT NOT NULL,
    PRIMARY KEY (category_no),
    UNIQUE (category_name)
);

CREATE TABLE IF NOT EXISTS product
(
    prod_no         INTEGER,
    register        TEXT,
    prod_name       TEXT    NOT NULL,
    prod_detail     TEXT,
    manufacture_day DATE DEFAULT CURRENT_DATE,
    price           INTEGER NOT NULL,
    reg_date        DATE DEFAULT CURRENT_DATE,
    stock           INTEGER NOT NULL,
    category_no     INTEGER,
    CONSTRAINT product_pk PRIMARY KEY (prod_no),
    CONSTRAINT prod_category_fk FOREIGN KEY (category_no) REFERENCES category (category_no),
    CONSTRAINT prod_register_fk FOREIGN KEY (register) REFERENCES users (user_id)
);

CREATE TABLE IF NOT EXISTS product_image
(
    image_no    INTEGER,
    prod_no     INTEGER,
    file_name   TEXT,
    description TEXT,
    thumbnail   BOOLEAN,
    CONSTRAINT product_image_pk PRIMARY KEY (image_no),
    CONSTRAINT product_fk FOREIGN KEY (prod_no) REFERENCES product (prod_no)
);

CREATE TABLE IF NOT EXISTS transaction
(
    tran_no          INTEGER,
    buyer_id         TEXT NOT NULL,
    payment_option   CHAR(3),
    receiver_name    TEXT,
    receiver_phone   TEXT,
    demailaddr       TEXT,
    dlvy_request     TEXT,
    tran_status_code CHAR(3),
    order_date       DATE DEFAULT CURRENT_DATE,
    dlvy_date        DATE DEFAULT CURRENT_DATE,
    CONSTRAINT transaction_pk PRIMARY KEY (tran_no),
    CONSTRAINT transaction_buyer_id FOREIGN KEY (buyer_id) REFERENCES users (user_id),
    CONSTRAINT transaction_payment_option CHECK (payment_option IN ('0', '1')),
    CONSTRAINT transaction_trans_status_code CHECK (tran_status_code IN ('0', '1', '2', '3'))
);

CREATE TABLE IF NOT EXISTS transaction_prod
(
    tran_no  INTEGER NOT NULL,
    prod_no  INTEGER NOT NULL,
    quantity INTEGER NOT NULL,
    CONSTRAINT tp_pk PRIMARY KEY (tran_no, prod_no),
    CONSTRAINT tp_tran_no_fk FOREIGN KEY (tran_no) REFERENCES transaction (tran_no),
    CONSTRAINT tp_prod_no_fk FOREIGN KEY (prod_no) REFERENCES product (prod_no),
    CONSTRAINT tp_quantity_num_range CHECK (quantity >= 0)
);

INSERT INTO users
    ( user_id,
      user_name,
      password,
      role,
      ssn,
      cell_phone,
      addr,
      email,
      reg_date )
VALUES
    ( 'admin',
      'admin',
      '1234',
      'admin',
      NULL,
      NULL,
      '서울시 서초구',
      'admin@mvc.com',
      TO_DATE('2012/01/14 10:48:43', 'YYYY/MM/DD HH24:MI:SS') );

INSERT INTO users
    ( user_id,
      user_name,
      password,
      role,
      ssn,
      cell_phone,
      addr,
      email,
      reg_date )
VALUES
    ( 'manager',
      'manager',
      '1234',
      'admin',
      NULL,
      NULL,
      NULL,
      'manager@mvc.com',
      TO_DATE('2012/01/14 10:48:43', 'YYYY/MM/DD HH24:MI:SS') );

INSERT INTO users
VALUES
    ( 'user01',
      'SCOTT',
      '1111',
      'user',
      NULL,
      NULL,
      NULL,
      NULL,
      CURRENT_DATE );

INSERT INTO users
VALUES
    ( 'user02',
      'SCOTT',
      '2222',
      'user',
      NULL,
      NULL,
      NULL,
      NULL,
      CURRENT_DATE );

INSERT INTO users
VALUES
    ( 'user03',
      'SCOTT',
      '3333',
      'user',
      NULL,
      NULL,
      NULL,
      NULL,
      CURRENT_DATE );

INSERT INTO users
VALUES
    ( 'user04',
      'SCOTT',
      '4444',
      'user',
      NULL,
      NULL,
      NULL,
      NULL,
      CURRENT_DATE );

INSERT INTO users
VALUES
    ( 'user05',
      'SCOTT',
      '5555',
      'user',
      NULL,
      NULL,
      NULL,
      NULL,
      CURRENT_DATE );

INSERT INTO users
VALUES
    ( 'user06',
      'SCOTT',
      '6666',
      'user',
      NULL,
      NULL,
      NULL,
      NULL,
      CURRENT_DATE );

INSERT INTO users
VALUES
    ( 'user07',
      'SCOTT',
      '7777',
      'user',
      NULL,
      NULL,
      NULL,
      NULL,
      CURRENT_DATE );

INSERT INTO users
VALUES
    ( 'user08',
      'SCOTT',
      '8888',
      'user',
      NULL,
      NULL,
      NULL,
      NULL,
      CURRENT_DATE );

INSERT INTO users
VALUES
    ( 'user09',
      'SCOTT',
      '9999',
      'user',
      NULL,
      NULL,
      NULL,
      NULL,
      CURRENT_DATE );

INSERT INTO users
VALUES
    ( 'user10',
      'SCOTT',
      '1010',
      'user',
      NULL,
      NULL,
      NULL,
      NULL,
      CURRENT_DATE );

INSERT INTO users
VALUES
    ( 'user11',
      'SCOTT',
      '1111',
      'user',
      NULL,
      NULL,
      NULL,
      NULL,
      CURRENT_DATE );

INSERT INTO users
VALUES
    ( 'user12',
      'SCOTT',
      '1212',
      'user',
      NULL,
      NULL,
      NULL,
      NULL,
      CURRENT_DATE );

INSERT INTO users
VALUES
    ( 'user13',
      'SCOTT',
      '1313',
      'user',
      NULL,
      NULL,
      NULL,
      NULL,
      CURRENT_DATE );

INSERT INTO users
VALUES
    ( 'user14',
      'SCOTT',
      '1414',
      'user',
      NULL,
      NULL,
      NULL,
      NULL,
      CURRENT_DATE );

INSERT INTO users
VALUES
    ( 'user15',
      'SCOTT',
      '1515',
      'user',
      NULL,
      NULL,
      NULL,
      NULL,
      CURRENT_DATE );

INSERT INTO users
VALUES
    ( 'user16',
      'SCOTT',
      '1616',
      'user',
      NULL,
      NULL,
      NULL,
      NULL,
      CURRENT_DATE );

INSERT INTO users
VALUES
    ( 'user17',
      'SCOTT',
      '1717',
      'user',
      NULL,
      NULL,
      NULL,
      NULL,
      CURRENT_DATE );

INSERT INTO users
VALUES
    ( 'user18',
      'SCOTT',
      '1818',
      'user',
      NULL,
      NULL,
      NULL,
      NULL,
      CURRENT_DATE );

INSERT INTO users
VALUES
    ( 'user19',
      'SCOTT',
      '1919',
      'user',
      NULL,
      NULL,
      NULL,
      NULL,
      CURRENT_DATE );

INSERT INTO users
VALUES
    ( 'user20',
      'SCOTT',
      '2020',
      'user',
      NULL,
      NULL,
      NULL,
      NULL,
      CURRENT_DATE );

INSERT INTO users
VALUES
    ( 'user21',
      'SCOTT',
      '2121',
      'user',
      NULL,
      NULL,
      NULL,
      NULL,
      CURRENT_DATE );

INSERT INTO users
VALUES
    ( 'user22',
      'SCOTT',
      '2222',
      'user',
      NULL,
      NULL,
      NULL,
      NULL,
      CURRENT_DATE );

INSERT INTO users
VALUES
    ( 'user23',
      'SCOTT',
      '2323',
      'user',
      NULL,
      NULL,
      NULL,
      NULL,
      CURRENT_DATE );

INSERT INTO product
    ( prod_no,
      prod_name,
      prod_detail,
      manufacture_day,
      price,
      reg_date,
      stock )
VALUES
    ( NEXTVAL('seq_product_prod_no'),
      'vaio vgn FS70B',
      '소니 바이오 노트북 신동품',
      TO_DATE('2012/05/14', 'YYYY-MM-DD'),
      2000000,
      TO_DATE('2012/12/14 11:27:27', 'YYYY/MM/DD HH24:MI:SS'),
      10 );

INSERT INTO product
    ( prod_no,
      prod_name,
      prod_detail,
      manufacture_day,
      price,
      reg_date,
      stock )
VALUES
    ( NEXTVAL('seq_product_prod_no'),
      '자전거',
      '자전거 좋아요~',
      TO_DATE('2012/05/14', 'YYYY-MM-DD'),
      10000,
      TO_DATE('2012/11/14 10:48:43', 'YYYY/MM/DD HH24:MI:SS'),
      8 );

INSERT INTO product
    ( prod_no,
      prod_name,
      prod_detail,
      manufacture_day,
      price,
      reg_date,
      stock )
VALUES
    ( NEXTVAL('seq_product_prod_no'),
      '보르도',
      '최고 디자인 신품',
      TO_DATE('2012/02/01', 'YYYY-MM-DD'),
      1170000,
      TO_DATE('2012/10/14 10:49:39', 'YYYY/MM/DD HH24:MI:SS'),
      0 );

INSERT INTO product
    ( prod_no,
      prod_name,
      prod_detail,
      manufacture_day,
      price,
      reg_date,
      stock )
VALUES
    ( NEXTVAL('seq_product_prod_no'),
      '보드세트',
      '한시즌 밖에 안썼습니다. 눈물을 머금고 내놓음 ㅠ.ㅠ',
      TO_DATE('2012/02/17', 'YYYY-MM-DD'),
      200000,
      TO_DATE('2012/11/14 10:50:58', 'YYYY/MM/DD HH24:MI:SS'),
      13 );

INSERT INTO product
    ( prod_no,
      prod_name,
      prod_detail,
      manufacture_day,
      price,
      reg_date,
      stock )
VALUES
    ( NEXTVAL('seq_product_prod_no'),
      '인라인',
      '좋아욥',
      TO_DATE('2012/08/19', 'YYYY-MM-DD'),
      20000,
      TO_DATE('2012/11/14 10:51:40', 'YYYY/MM/DD HH24:MI:SS'),
      2 );

INSERT INTO product
    ( prod_no,
      prod_name,
      prod_detail,
      manufacture_day,
      price,
      reg_date,
      stock )
VALUES
    ( NEXTVAL('seq_product_prod_no'),
      '삼성센스 2G',
      'sens 메모리 2Giga',
      TO_DATE('2012/11/21', 'YYYY-MM-DD'),
      800000,
      TO_DATE('2012/11/14 18:46:58', 'YYYY/MM/DD HH24:MI:SS'),
      1 );

INSERT INTO product
    ( prod_no,
      prod_name,
      prod_detail,
      manufacture_day,
      price,
      reg_date,
      stock )
VALUES
    ( NEXTVAL('seq_product_prod_no'),
      '연꽃',
      '정원을 가꿔보세요',
      TO_DATE('2012/10/22', 'YYYY-MM-DD'),
      232300,
      TO_DATE('2012/11/15 17:39:01', 'YYYY/MM/DD HH24:MI:SS'),
      0 );

INSERT INTO product
    ( prod_no,
      prod_name,
      prod_detail,
      manufacture_day,
      price,
      reg_date,
      stock )
VALUES
    ( NEXTVAL('seq_product_prod_no'),
      '삼성센스',
      '노트북',
      TO_DATE('2012/02/12', 'YYYY-MM-DD'),
      600000,
      TO_DATE('2012/11/12 13:04:31', 'YYYY/MM/DD HH24:MI:SS'),
      0 );

UPDATE product
SET
    category_no = (
        SELECT
            category_no
        FROM category
        WHERE category_name = 'sample-category'
    );

-- Sample data ====== start

INSERT INTO category
    ( category_no,
      category_name )
VALUES
    ( 10001,
      'sample-category-2' ),
    ( 10002,
      'sample-category-3' ),
    ( 10003,
      'sample-category-4' ),
    ( 10004,
      'sample-category-5' );

INSERT INTO product
    ( prod_no,
      prod_name,
      prod_detail,
      manufacture_day,
      price,
      reg_date,
      stock,
      category_no )
VALUES
    ( 1,
      'product-001',
      'sample-001',
      CURRENT_DATE,
      100,
      CURRENT_DATE,
      0,
      10001 ),
    ( 2,
      'product-002',
      'sample-002',
      CURRENT_DATE,
      200,
      CURRENT_DATE,
      10,
      10002 ),
    ( 3,
      'product-003',
      'sample-003',
      CURRENT_DATE,
      300,
      CURRENT_DATE,
      20,
      10003 ),
    ( 4,
      'product-004',
      'sample-004',
      CURRENT_DATE,
      400,
      CURRENT_DATE,
      30,
      10004 ),
    ( 5,
      'product-005',
      'sample-005',
      CURRENT_DATE,
      500,
      CURRENT_DATE,
      40,
      10001 ),
    ( 6,
      'product-006',
      'sample-006',
      CURRENT_DATE,
      600,
      CURRENT_DATE,
      50,
      10002 ),
    ( 7,
      'product-007',
      'sample-007',
      CURRENT_DATE,
      700,
      CURRENT_DATE,
      60,
      10003 ),
    ( 8,
      'product-008',
      'sample-008',
      CURRENT_DATE,
      800,
      CURRENT_DATE,
      70,
      10004 ),
    ( 9,
      'product-009',
      'sample-009',
      CURRENT_DATE,
      900,
      CURRENT_DATE,
      80,
      10001 ),
    ( 10,
      'product-010',
      'sample-010',
      CURRENT_DATE,
      1000,
      CURRENT_DATE,
      90,
      10002 ),
    ( 11,
      'product-011',
      'sample-011',
      CURRENT_DATE,
      1100,
      CURRENT_DATE,
      100,
      10003 ),
    ( 12,
      'product-012',
      'sample-012',
      CURRENT_DATE,
      1200,
      CURRENT_DATE,
      110,
      10004 ),
    ( 13,
      'product-013',
      'sample-013',
      CURRENT_DATE,
      1300,
      CURRENT_DATE,
      120,
      10001 ),
    ( 14,
      'product-014',
      'sample-014',
      CURRENT_DATE,
      1400,
      CURRENT_DATE,
      130,
      10002 ),
    ( 15,
      'product-015',
      'sample-015',
      CURRENT_DATE,
      1500,
      CURRENT_DATE,
      140,
      10003 ),
    ( 16,
      'product-016',
      'sample-016',
      CURRENT_DATE,
      1600,
      CURRENT_DATE,
      150,
      10004 ),
    ( 17,
      'product-017',
      'sample-017',
      CURRENT_DATE,
      1700,
      CURRENT_DATE,
      160,
      10001 ),
    ( 18,
      'product-018',
      'sample-018',
      CURRENT_DATE,
      1800,
      CURRENT_DATE,
      170,
      10002 ),
    ( 19,
      'product-019',
      'sample-019',
      CURRENT_DATE,
      1900,
      CURRENT_DATE,
      180,
      10003 ),
    ( 20,
      'product-020',
      'sample-020',
      CURRENT_DATE,
      2000,
      CURRENT_DATE,
      190,
      10004 ),
    ( 21,
      'product-021',
      'sample-021',
      CURRENT_DATE,
      2100,
      CURRENT_DATE,
      200,
      10001 ),
    ( 22,
      'product-022',
      'sample-022',
      CURRENT_DATE,
      2200,
      CURRENT_DATE,
      210,
      10002 ),
    ( 23,
      'product-023',
      'sample-023',
      CURRENT_DATE,
      2300,
      CURRENT_DATE,
      220,
      10003 ),
    ( 24,
      'product-024',
      'sample-024',
      CURRENT_DATE,
      2400,
      CURRENT_DATE,
      230,
      10004 ),
    ( 25,
      'product-025',
      'sample-025',
      CURRENT_DATE,
      2500,
      CURRENT_DATE,
      240,
      10001 ),
    ( 26,
      'product-026',
      'sample-026',
      CURRENT_DATE,
      2600,
      CURRENT_DATE,
      250,
      10002 ),
    ( 27,
      'product-027',
      'sample-027',
      CURRENT_DATE,
      2700,
      CURRENT_DATE,
      260,
      10003 ),
    ( 28,
      'product-028',
      'sample-028',
      CURRENT_DATE,
      2800,
      CURRENT_DATE,
      270,
      10004 ),
    ( 29,
      'product-029',
      'sample-029',
      CURRENT_DATE,
      2900,
      CURRENT_DATE,
      280,
      10001 ),
    ( 30,
      'product-030',
      'sample-030',
      CURRENT_DATE,
      3000,
      CURRENT_DATE,
      290,
      10002 ),
    ( 31,
      'product-031',
      'sample-031',
      CURRENT_DATE,
      3100,
      CURRENT_DATE,
      300,
      10003 ),
    ( 32,
      'product-032',
      'sample-032',
      CURRENT_DATE,
      3200,
      CURRENT_DATE,
      310,
      10004 ),
    ( 33,
      'product-033',
      'sample-033',
      CURRENT_DATE,
      3300,
      CURRENT_DATE,
      320,
      10001 ),
    ( 34,
      'product-034',
      'sample-034',
      CURRENT_DATE,
      3400,
      CURRENT_DATE,
      330,
      10002 ),
    ( 35,
      'product-035',
      'sample-035',
      CURRENT_DATE,
      3500,
      CURRENT_DATE,
      340,
      10003 ),
    ( 36,
      'product-036',
      'sample-036',
      CURRENT_DATE,
      3600,
      CURRENT_DATE,
      350,
      10004 ),
    ( 37,
      'product-037',
      'sample-037',
      CURRENT_DATE,
      3700,
      CURRENT_DATE,
      360,
      10001 ),
    ( 38,
      'product-038',
      'sample-038',
      CURRENT_DATE,
      3800,
      CURRENT_DATE,
      370,
      10002 ),
    ( 39,
      'product-039',
      'sample-039',
      CURRENT_DATE,
      3900,
      CURRENT_DATE,
      380,
      10003 ),
    ( 40,
      'product-040',
      'sample-040',
      CURRENT_DATE,
      4000,
      CURRENT_DATE,
      390,
      10004 ),
    ( 41,
      'product-041',
      'sample-041',
      CURRENT_DATE,
      4100,
      CURRENT_DATE,
      400,
      10001 ),
    ( 42,
      'product-042',
      'sample-042',
      CURRENT_DATE,
      4200,
      CURRENT_DATE,
      410,
      10002 ),
    ( 43,
      'product-043',
      'sample-043',
      CURRENT_DATE,
      4300,
      CURRENT_DATE,
      420,
      10003 ),
    ( 44,
      'product-044',
      'sample-044',
      CURRENT_DATE,
      4400,
      CURRENT_DATE,
      430,
      10004 ),
    ( 45,
      'product-045',
      'sample-045',
      CURRENT_DATE,
      4500,
      CURRENT_DATE,
      440,
      10001 ),
    ( 46,
      'product-046',
      'sample-046',
      CURRENT_DATE,
      4600,
      CURRENT_DATE,
      450,
      10002 ),
    ( 47,
      'product-047',
      'sample-047',
      CURRENT_DATE,
      4700,
      CURRENT_DATE,
      460,
      10003 ),
    ( 48,
      'product-048',
      'sample-048',
      CURRENT_DATE,
      4800,
      CURRENT_DATE,
      470,
      10004 ),
    ( 49,
      'product-049',
      'sample-049',
      CURRENT_DATE,
      4900,
      CURRENT_DATE,
      480,
      10001 ),
    ( 50,
      'product-050',
      'sample-050',
      CURRENT_DATE,
      5000,
      CURRENT_DATE,
      490,
      10002 ),
    ( 51,
      'product-051',
      'sample-051',
      CURRENT_DATE,
      5100,
      CURRENT_DATE,
      500,
      10003 ),
    ( 52,
      'product-052',
      'sample-052',
      CURRENT_DATE,
      5200,
      CURRENT_DATE,
      510,
      10004 ),
    ( 53,
      'product-053',
      'sample-053',
      CURRENT_DATE,
      5300,
      CURRENT_DATE,
      520,
      10001 ),
    ( 54,
      'product-054',
      'sample-054',
      CURRENT_DATE,
      5400,
      CURRENT_DATE,
      530,
      10002 ),
    ( 55,
      'product-055',
      'sample-055',
      CURRENT_DATE,
      5500,
      CURRENT_DATE,
      540,
      10003 ),
    ( 56,
      'product-056',
      'sample-056',
      CURRENT_DATE,
      5600,
      CURRENT_DATE,
      550,
      10004 ),
    ( 57,
      'product-057',
      'sample-057',
      CURRENT_DATE,
      5700,
      CURRENT_DATE,
      560,
      10001 ),
    ( 58,
      'product-058',
      'sample-058',
      CURRENT_DATE,
      5800,
      CURRENT_DATE,
      570,
      10002 ),
    ( 59,
      'product-059',
      'sample-059',
      CURRENT_DATE,
      5900,
      CURRENT_DATE,
      580,
      10003 ),
    ( 60,
      'product-060',
      'sample-060',
      CURRENT_DATE,
      6000,
      CURRENT_DATE,
      590,
      10004 ),
    ( 61,
      'product-061',
      'sample-061',
      CURRENT_DATE,
      6100,
      CURRENT_DATE,
      600,
      10001 ),
    ( 62,
      'product-062',
      'sample-062',
      CURRENT_DATE,
      6200,
      CURRENT_DATE,
      610,
      10002 ),
    ( 63,
      'product-063',
      'sample-063',
      CURRENT_DATE,
      6300,
      CURRENT_DATE,
      620,
      10003 ),
    ( 64,
      'product-064',
      'sample-064',
      CURRENT_DATE,
      6400,
      CURRENT_DATE,
      630,
      10004 ),
    ( 65,
      'product-065',
      'sample-065',
      CURRENT_DATE,
      6500,
      CURRENT_DATE,
      640,
      10001 ),
    ( 66,
      'product-066',
      'sample-066',
      CURRENT_DATE,
      6600,
      CURRENT_DATE,
      650,
      10002 ),
    ( 67,
      'product-067',
      'sample-067',
      CURRENT_DATE,
      6700,
      CURRENT_DATE,
      660,
      10003 ),
    ( 68,
      'product-068',
      'sample-068',
      CURRENT_DATE,
      6800,
      CURRENT_DATE,
      670,
      10004 ),
    ( 69,
      'product-069',
      'sample-069',
      CURRENT_DATE,
      6900,
      CURRENT_DATE,
      680,
      10001 ),
    ( 70,
      'product-070',
      'sample-070',
      CURRENT_DATE,
      7000,
      CURRENT_DATE,
      690,
      10002 ),
    ( 71,
      'product-071',
      'sample-071',
      CURRENT_DATE,
      7100,
      CURRENT_DATE,
      700,
      10003 ),
    ( 72,
      'product-072',
      'sample-072',
      CURRENT_DATE,
      7200,
      CURRENT_DATE,
      710,
      10004 ),
    ( 73,
      'product-073',
      'sample-073',
      CURRENT_DATE,
      7300,
      CURRENT_DATE,
      720,
      10001 ),
    ( 74,
      'product-074',
      'sample-074',
      CURRENT_DATE,
      7400,
      CURRENT_DATE,
      730,
      10002 ),
    ( 75,
      'product-075',
      'sample-075',
      CURRENT_DATE,
      7500,
      CURRENT_DATE,
      740,
      10003 ),
    ( 76,
      'product-076',
      'sample-076',
      CURRENT_DATE,
      7600,
      CURRENT_DATE,
      750,
      10004 ),
    ( 77,
      'product-077',
      'sample-077',
      CURRENT_DATE,
      7700,
      CURRENT_DATE,
      760,
      10001 ),
    ( 78,
      'product-078',
      'sample-078',
      CURRENT_DATE,
      7800,
      CURRENT_DATE,
      770,
      10002 ),
    ( 79,
      'product-079',
      'sample-079',
      CURRENT_DATE,
      7900,
      CURRENT_DATE,
      780,
      10003 ),
    ( 80,
      'product-080',
      'sample-080',
      CURRENT_DATE,
      8000,
      CURRENT_DATE,
      790,
      10004 ),
    ( 81,
      'product-081',
      'sample-081',
      CURRENT_DATE,
      8100,
      CURRENT_DATE,
      800,
      10001 ),
    ( 82,
      'product-082',
      'sample-082',
      CURRENT_DATE,
      8200,
      CURRENT_DATE,
      810,
      10002 ),
    ( 83,
      'product-083',
      'sample-083',
      CURRENT_DATE,
      8300,
      CURRENT_DATE,
      820,
      10003 ),
    ( 84,
      'product-084',
      'sample-084',
      CURRENT_DATE,
      8400,
      CURRENT_DATE,
      830,
      10004 ),
    ( 85,
      'product-085',
      'sample-085',
      CURRENT_DATE,
      8500,
      CURRENT_DATE,
      840,
      10001 ),
    ( 86,
      'product-086',
      'sample-086',
      CURRENT_DATE,
      8600,
      CURRENT_DATE,
      850,
      10002 ),
    ( 87,
      'product-087',
      'sample-087',
      CURRENT_DATE,
      8700,
      CURRENT_DATE,
      860,
      10003 ),
    ( 88,
      'product-088',
      'sample-088',
      CURRENT_DATE,
      8800,
      CURRENT_DATE,
      870,
      10004 ),
    ( 89,
      'product-089',
      'sample-089',
      CURRENT_DATE,
      8900,
      CURRENT_DATE,
      880,
      10001 ),
    ( 90,
      'product-090',
      'sample-090',
      CURRENT_DATE,
      9000,
      CURRENT_DATE,
      890,
      10002 ),
    ( 91,
      'product-091',
      'sample-091',
      CURRENT_DATE,
      9100,
      CURRENT_DATE,
      900,
      10003 ),
    ( 92,
      'product-092',
      'sample-092',
      CURRENT_DATE,
      9200,
      CURRENT_DATE,
      910,
      10004 ),
    ( 93,
      'product-093',
      'sample-093',
      CURRENT_DATE,
      9300,
      CURRENT_DATE,
      920,
      10001 ),
    ( 94,
      'product-094',
      'sample-094',
      CURRENT_DATE,
      9400,
      CURRENT_DATE,
      930,
      10002 ),
    ( 95,
      'product-095',
      'sample-095',
      CURRENT_DATE,
      9500,
      CURRENT_DATE,
      940,
      10003 ),
    ( 96,
      'product-096',
      'sample-096',
      CURRENT_DATE,
      9600,
      CURRENT_DATE,
      950,
      10004 ),
    ( 97,
      'product-097',
      'sample-097',
      CURRENT_DATE,
      9700,
      CURRENT_DATE,
      960,
      10001 ),
    ( 98,
      'product-098',
      'sample-098',
      CURRENT_DATE,
      9800,
      CURRENT_DATE,
      970,
      10002 ),
    ( 99,
      'product-099',
      'sample-099',
      CURRENT_DATE,
      9900,
      CURRENT_DATE,
      980,
      10003 ),
    ( 100,
      'product-100',
      'sample-100',
      CURRENT_DATE,
      10000,
      CURRENT_DATE,
      990,
      10004 );

INSERT INTO product_image
    ( image_no,
      prod_no,
      file_name,
      description,
      thumbnail )
VALUES
    ( NEXTVAL('seq_product_image_no'),
      1,
      'sample_ive.webp',
      'sample-desc',
      TRUE ),
    ( NEXTVAL('seq_product_image_no'),
      2,
      'sample_ive.webp',
      'sample-desc',
      TRUE ),
    ( NEXTVAL('seq_product_image_no'),
      3,
      'sample_ive.webp',
      'sample-desc',
      TRUE ),
    ( NEXTVAL('seq_product_image_no'),
      4,
      'sample_ive.webp',
      'sample-desc',
      TRUE ),
    ( NEXTVAL('seq_product_image_no'),
      5,
      'sample_ive.webp',
      'sample-desc',
      TRUE ),
    ( NEXTVAL('seq_product_image_no'),
      6,
      'sample_ive.webp',
      'sample-desc',
      TRUE ),
    ( NEXTVAL('seq_product_image_no'),
      7,
      'sample_ive.webp',
      'sample-desc',
      TRUE ),
    ( NEXTVAL('seq_product_image_no'),
      8,
      'sample_ive.webp',
      'sample-desc',
      TRUE ),
    ( NEXTVAL('seq_product_image_no'),
      9,
      'sample_ive.webp',
      'sample-desc',
      TRUE ),
    ( NEXTVAL('seq_product_image_no'),
      10,
      'sample_ive.webp',
      'sample-desc',
      TRUE ),
    ( NEXTVAL('seq_product_image_no'),
      11,
      'sample_ive.webp',
      'sample-desc',
      TRUE ),
    ( NEXTVAL('seq_product_image_no'),
      12,
      'sample_ive.webp',
      'sample-desc',
      TRUE ),
    ( NEXTVAL('seq_product_image_no'),
      13,
      'sample_ive.webp',
      'sample-desc',
      TRUE ),
    ( NEXTVAL('seq_product_image_no'),
      14,
      'sample_ive.webp',
      'sample-desc',
      TRUE ),
    ( NEXTVAL('seq_product_image_no'),
      15,
      'sample_ive.webp',
      'sample-desc',
      TRUE ),
    ( NEXTVAL('seq_product_image_no'),
      16,
      'sample_ive.webp',
      'sample-desc',
      TRUE ),
    ( NEXTVAL('seq_product_image_no'),
      17,
      'sample_ive.webp',
      'sample-desc',
      TRUE ),
    ( NEXTVAL('seq_product_image_no'),
      18,
      'sample_ive.webp',
      'sample-desc',
      TRUE ),
    ( NEXTVAL('seq_product_image_no'),
      19,
      'sample_ive.webp',
      'sample-desc',
      TRUE ),
    ( NEXTVAL('seq_product_image_no'),
      20,
      'sample_ive.webp',
      'sample-desc',
      TRUE ),
    ( NEXTVAL('seq_product_image_no'),
      21,
      'sample_ive.webp',
      'sample-desc',
      TRUE ),
    ( NEXTVAL('seq_product_image_no'),
      22,
      'sample_ive.webp',
      'sample-desc',
      TRUE ),
    ( NEXTVAL('seq_product_image_no'),
      23,
      'sample_ive.webp',
      'sample-desc',
      TRUE ),
    ( NEXTVAL('seq_product_image_no'),
      24,
      'sample_ive.webp',
      'sample-desc',
      TRUE ),
    ( NEXTVAL('seq_product_image_no'),
      25,
      'sample_ive.webp',
      'sample-desc',
      TRUE ),
    ( NEXTVAL('seq_product_image_no'),
      26,
      'sample_ive.webp',
      'sample-desc',
      TRUE ),
    ( NEXTVAL('seq_product_image_no'),
      27,
      'sample_ive.webp',
      'sample-desc',
      TRUE ),
    ( NEXTVAL('seq_product_image_no'),
      28,
      'sample_ive.webp',
      'sample-desc',
      TRUE ),
    ( NEXTVAL('seq_product_image_no'),
      29,
      'sample_ive.webp',
      'sample-desc',
      TRUE ),
    ( NEXTVAL('seq_product_image_no'),
      30,
      'sample_ive.webp',
      'sample-desc',
      TRUE ),
    ( NEXTVAL('seq_product_image_no'),
      31,
      'sample_ive.webp',
      'sample-desc',
      TRUE ),
    ( NEXTVAL('seq_product_image_no'),
      32,
      'sample_ive.webp',
      'sample-desc',
      TRUE ),
    ( NEXTVAL('seq_product_image_no'),
      33,
      'sample_ive.webp',
      'sample-desc',
      TRUE ),
    ( NEXTVAL('seq_product_image_no'),
      34,
      'sample_ive.webp',
      'sample-desc',
      TRUE ),
    ( NEXTVAL('seq_product_image_no'),
      35,
      'sample_ive.webp',
      'sample-desc',
      TRUE ),
    ( NEXTVAL('seq_product_image_no'),
      36,
      'sample_ive.webp',
      'sample-desc',
      TRUE ),
    ( NEXTVAL('seq_product_image_no'),
      37,
      'sample_ive.webp',
      'sample-desc',
      TRUE ),
    ( NEXTVAL('seq_product_image_no'),
      38,
      'sample_ive.webp',
      'sample-desc',
      TRUE ),
    ( NEXTVAL('seq_product_image_no'),
      39,
      'sample_ive.webp',
      'sample-desc',
      TRUE ),
    ( NEXTVAL('seq_product_image_no'),
      40,
      'sample_ive.webp',
      'sample-desc',
      TRUE ),
    ( NEXTVAL('seq_product_image_no'),
      41,
      'sample_ive.webp',
      'sample-desc',
      TRUE ),
    ( NEXTVAL('seq_product_image_no'),
      42,
      'sample_ive.webp',
      'sample-desc',
      TRUE ),
    ( NEXTVAL('seq_product_image_no'),
      43,
      'sample_ive.webp',
      'sample-desc',
      TRUE ),
    ( NEXTVAL('seq_product_image_no'),
      44,
      'sample_ive.webp',
      'sample-desc',
      TRUE ),
    ( NEXTVAL('seq_product_image_no'),
      45,
      'sample_ive.webp',
      'sample-desc',
      TRUE ),
    ( NEXTVAL('seq_product_image_no'),
      46,
      'sample_ive.webp',
      'sample-desc',
      TRUE ),
    ( NEXTVAL('seq_product_image_no'),
      47,
      'sample_ive.webp',
      'sample-desc',
      TRUE ),
    ( NEXTVAL('seq_product_image_no'),
      48,
      'sample_ive.webp',
      'sample-desc',
      TRUE ),
    ( NEXTVAL('seq_product_image_no'),
      49,
      'sample_ive.webp',
      'sample-desc',
      TRUE ),
    ( NEXTVAL('seq_product_image_no'),
      50,
      'sample_ive.webp',
      'sample-desc',
      TRUE ),
    ( NEXTVAL('seq_product_image_no'),
      51,
      'sample_ive.webp',
      'sample-desc',
      TRUE ),
    ( NEXTVAL('seq_product_image_no'),
      52,
      'sample_ive.webp',
      'sample-desc',
      TRUE ),
    ( NEXTVAL('seq_product_image_no'),
      53,
      'sample_ive.webp',
      'sample-desc',
      TRUE ),
    ( NEXTVAL('seq_product_image_no'),
      54,
      'sample_ive.webp',
      'sample-desc',
      TRUE ),
    ( NEXTVAL('seq_product_image_no'),
      55,
      'sample_ive.webp',
      'sample-desc',
      TRUE ),
    ( NEXTVAL('seq_product_image_no'),
      56,
      'sample_ive.webp',
      'sample-desc',
      TRUE ),
    ( NEXTVAL('seq_product_image_no'),
      57,
      'sample_ive.webp',
      'sample-desc',
      TRUE ),
    ( NEXTVAL('seq_product_image_no'),
      58,
      'sample_ive.webp',
      'sample-desc',
      TRUE ),
    ( NEXTVAL('seq_product_image_no'),
      59,
      'sample_ive.webp',
      'sample-desc',
      TRUE ),
    ( NEXTVAL('seq_product_image_no'),
      60,
      'sample_ive.webp',
      'sample-desc',
      TRUE ),
    ( NEXTVAL('seq_product_image_no'),
      61,
      'sample_ive.webp',
      'sample-desc',
      TRUE ),
    ( NEXTVAL('seq_product_image_no'),
      62,
      'sample_ive.webp',
      'sample-desc',
      TRUE ),
    ( NEXTVAL('seq_product_image_no'),
      63,
      'sample_ive.webp',
      'sample-desc',
      TRUE ),
    ( NEXTVAL('seq_product_image_no'),
      64,
      'sample_ive.webp',
      'sample-desc',
      TRUE ),
    ( NEXTVAL('seq_product_image_no'),
      65,
      'sample_ive.webp',
      'sample-desc',
      TRUE ),
    ( NEXTVAL('seq_product_image_no'),
      66,
      'sample_ive.webp',
      'sample-desc',
      TRUE ),
    ( NEXTVAL('seq_product_image_no'),
      67,
      'sample_ive.webp',
      'sample-desc',
      TRUE ),
    ( NEXTVAL('seq_product_image_no'),
      68,
      'sample_ive.webp',
      'sample-desc',
      TRUE ),
    ( NEXTVAL('seq_product_image_no'),
      69,
      'sample_ive.webp',
      'sample-desc',
      TRUE ),
    ( NEXTVAL('seq_product_image_no'),
      70,
      'sample_ive.webp',
      'sample-desc',
      TRUE ),
    ( NEXTVAL('seq_product_image_no'),
      71,
      'sample_ive.webp',
      'sample-desc',
      TRUE ),
    ( NEXTVAL('seq_product_image_no'),
      72,
      'sample_ive.webp',
      'sample-desc',
      TRUE ),
    ( NEXTVAL('seq_product_image_no'),
      73,
      'sample_ive.webp',
      'sample-desc',
      TRUE ),
    ( NEXTVAL('seq_product_image_no'),
      74,
      'sample_ive.webp',
      'sample-desc',
      TRUE ),
    ( NEXTVAL('seq_product_image_no'),
      75,
      'sample_ive.webp',
      'sample-desc',
      TRUE ),
    ( NEXTVAL('seq_product_image_no'),
      76,
      'sample_ive.webp',
      'sample-desc',
      TRUE ),
    ( NEXTVAL('seq_product_image_no'),
      77,
      'sample_ive.webp',
      'sample-desc',
      TRUE ),
    ( NEXTVAL('seq_product_image_no'),
      78,
      'sample_ive.webp',
      'sample-desc',
      TRUE ),
    ( NEXTVAL('seq_product_image_no'),
      79,
      'sample_ive.webp',
      'sample-desc',
      TRUE ),
    ( NEXTVAL('seq_product_image_no'),
      80,
      'sample_ive.webp',
      'sample-desc',
      TRUE ),
    ( NEXTVAL('seq_product_image_no'),
      81,
      'sample_ive.webp',
      'sample-desc',
      TRUE ),
    ( NEXTVAL('seq_product_image_no'),
      82,
      'sample_ive.webp',
      'sample-desc',
      TRUE ),
    ( NEXTVAL('seq_product_image_no'),
      83,
      'sample_ive.webp',
      'sample-desc',
      TRUE ),
    ( NEXTVAL('seq_product_image_no'),
      84,
      'sample_ive.webp',
      'sample-desc',
      TRUE ),
    ( NEXTVAL('seq_product_image_no'),
      85,
      'sample_ive.webp',
      'sample-desc',
      TRUE ),
    ( NEXTVAL('seq_product_image_no'),
      86,
      'sample_ive.webp',
      'sample-desc',
      TRUE ),
    ( NEXTVAL('seq_product_image_no'),
      87,
      'sample_ive.webp',
      'sample-desc',
      TRUE ),
    ( NEXTVAL('seq_product_image_no'),
      88,
      'sample_ive.webp',
      'sample-desc',
      TRUE ),
    ( NEXTVAL('seq_product_image_no'),
      89,
      'sample_ive.webp',
      'sample-desc',
      TRUE ),
    ( NEXTVAL('seq_product_image_no'),
      90,
      'sample_ive.webp',
      'sample-desc',
      TRUE ),
    ( NEXTVAL('seq_product_image_no'),
      91,
      'sample_ive.webp',
      'sample-desc',
      TRUE ),
    ( NEXTVAL('seq_product_image_no'),
      92,
      'sample_ive.webp',
      'sample-desc',
      TRUE ),
    ( NEXTVAL('seq_product_image_no'),
      93,
      'sample_ive.webp',
      'sample-desc',
      TRUE ),
    ( NEXTVAL('seq_product_image_no'),
      94,
      'sample_ive.webp',
      'sample-desc',
      TRUE ),
    ( NEXTVAL('seq_product_image_no'),
      95,
      'sample_ive.webp',
      'sample-desc',
      TRUE ),
    ( NEXTVAL('seq_product_image_no'),
      96,
      'sample_ive.webp',
      'sample-desc',
      TRUE ),
    ( NEXTVAL('seq_product_image_no'),
      97,
      'sample_ive.webp',
      'sample-desc',
      TRUE ),
    ( NEXTVAL('seq_product_image_no'),
      98,
      'sample_ive.webp',
      'sample-desc',
      TRUE ),
    ( NEXTVAL('seq_product_image_no'),
      99,
      'sample_ive.webp',
      'sample-desc',
      TRUE ),
    ( NEXTVAL('seq_product_image_no'),
      100,
      'sample_ive.webp',
      'sample-desc',
      TRUE );

-- Sample data =====  end

INSERT INTO transaction
VALUES
    ( NEXTVAL('seq_transaction_tran_no'),
      'user02',
      '1',
      'Nothing',
      '010-1234-1234',
      'asdfasohfiw',
      'request sample',
      '1',
      TO_DATE('2017/2/8', 'YYYY/MM/DD'),
      TO_DATE('2017/2/15', 'YYYY/MM/DD') );

INSERT INTO transaction
VALUES
    ( NEXTVAL('seq_transaction_tran_no'),
      'user01',
      '1',
      'Nothing',
      '010-1234-1234',
      'asdfasohfiw',
      'request sample',
      '1',
      TO_DATE('2017/2/8', 'YYYY/MM/DD'),
      TO_DATE('2017/2/15', 'YYYY/MM/DD') );

INSERT INTO transaction
VALUES
    ( NEXTVAL('seq_transaction_tran_no'),
      'user23',
      '1',
      'Nothing',
      '010-1234-1234',
      'asdfasohfiw',
      'request sample',
      '2',
      TO_DATE('2017/2/8', 'YYYY/MM/DD'),
      TO_DATE('2017/2/15', 'YYYY/MM/DD') );

INSERT INTO transaction
VALUES
    ( NEXTVAL('seq_transaction_tran_no'),
      'user08',
      '1',
      'Nothing',
      '010-1234-1234',
      'asdfasohfiw',
      'request sample',
      '2',
      TO_DATE('2017/2/8', 'YYYY/MM/DD'),
      TO_DATE('2017/2/15', 'YYYY/MM/DD') );

INSERT INTO transaction
VALUES
    ( NEXTVAL('seq_transaction_tran_no'),
      'user08',
      '1',
      'Nothing',
      '010-1234-1234',
      'asdfasohfiw',
      'request sample',
      '2',
      TO_DATE('2017/2/8', 'YYYY/MM/DD'),
      TO_DATE('2017/2/15', 'YYYY/MM/DD') );

INSERT INTO transaction
VALUES
    ( NEXTVAL('seq_transaction_tran_no'),
      'user08',
      '1',
      'Nothing',
      '010-1234-1234',
      'asdfasohfiw',
      'request sample',
      '1',
      TO_DATE('2017/2/8', 'YYYY/MM/DD'),
      TO_DATE('2017/2/15', 'YYYY/MM/DD') );

INSERT INTO transaction
VALUES
    ( NEXTVAL('seq_transaction_tran_no'),
      'user08',
      '1',
      'Nothing',
      '010-1234-1234',
      'asdfasohfiw',
      'request sample',
      '1',
      TO_DATE('2017/2/8', 'YYYY/MM/DD'),
      TO_DATE('2017/2/15', 'YYYY/MM/DD') );

INSERT INTO transaction_prod
    ( tran_no,
      prod_no,
      quantity )
VALUES
    ( 10000,
      10000,
      2 );

INSERT INTO transaction_prod
    ( tran_no,
      prod_no,
      quantity )
VALUES
    ( 10000,
      10001,
      1 );

INSERT INTO transaction_prod
    ( tran_no,
      prod_no,
      quantity )
VALUES
    ( 10001,
      10000,
      3 );

INSERT INTO transaction_prod
    ( tran_no,
      prod_no,
      quantity )
VALUES
    ( 10001,
      10002,
      4 );

INSERT INTO transaction_prod
    ( tran_no,
      prod_no,
      quantity )
VALUES
    ( 10002,
      10000,
      1 );

INSERT INTO transaction_prod
    ( tran_no,
      prod_no,
      quantity )
VALUES
    ( 10003,
      10004,
      5 );

INSERT INTO transaction_prod
    ( tran_no,
      prod_no,
      quantity )
VALUES
    ( 10004,
      10005,
      1 );

INSERT INTO transaction_prod
    ( tran_no,
      prod_no,
      quantity )
VALUES
    ( 10005,
      10005,
      1 );

INSERT INTO transaction_prod
    ( tran_no,
      prod_no,
      quantity )
VALUES
    ( 10005,
      10006,
      2 );

INSERT INTO transaction_prod
    ( tran_no,
      prod_no,
      quantity )
VALUES
    ( 10006,
      10007,
      1 );

INSERT INTO transaction_prod
    ( tran_no,
      prod_no,
      quantity )
VALUES
    ( 10006,
      10005,
      2 );

INSERT INTO category
VALUES
    ( NEXTVAL('seq_category_category_no'),
      'sample-category' );

COMMIT;